{"cameraMode":{"drawMode":0,"name":"Shaded","section":"Shading Mode"},"sceneLighting":false,"audioPlay":false,"sceneViewState":{"showFog":true,"showMaterialUpdate":false,"showSkybox":false,"showFlares":true,"showImageEffects":true,"showParticleSystems":true,"showVisualEffectGraphs":true,"m_FxEnabled":true},"in2DMode":false,"pivot":{"x":0.7016281485557556,"y":0.39632245898246767,"z":0.6348217129707336},"rotation":{"x":-0.04931843280792236,"y":0.9504086375236511,"z":-0.2283633053302765,"w":-0.20525500178337098},"size":0.13047702610492707,"orthographic":false}