{"cameraMode":{"drawMode":0,"name":"Shaded","section":"Shading Mode"},"sceneLighting":false,"audioPlay":false,"sceneViewState":{"showFog":true,"showMaterialUpdate":false,"showSkybox":false,"showFlares":true,"showImageEffects":true,"showParticleSystems":true,"showVisualEffectGraphs":true,"m_FxEnabled":true},"in2DMode":false,"pivot":{"x":-0.23893170058727265,"y":0.07740820944309235,"z":-0.09101945161819458},"rotation":{"x":-0.04448718577623367,"y":0.9389750957489014,"z":-0.31409701704978945,"w":-0.1329914927482605},"size":0.4801534414291382,"orthographic":false}