{"cameraMode":{"drawMode":0,"name":"Shaded","section":"Shading Mode"},"sceneLighting":false,"audioPlay":false,"sceneViewState":{"showFog":true,"showMaterialUpdate":false,"showSkybox":false,"showFlares":true,"showImageEffects":true,"showParticleSystems":true,"showVisualEffectGraphs":true,"m_FxEnabled":true},"in2DMode":false,"pivot":{"x":0.01233181357383728,"y":0.0037050247192382814,"z":0.08403640985488892},"rotation":{"x":-0.04990915209054947,"y":0.9368931651115418,"z":-0.3118372857570648,"w":-0.14994308352470399},"size":0.13159282505512238,"orthographic":false}