{"cameraMode":{"drawMode":0,"name":"Shaded","section":"Shading Mode"},"sceneLighting":true,"audioPlay":false,"sceneViewState":{"showFog":true,"showMaterialUpdate":false,"showSkybox":true,"showFlares":true,"showImageEffects":true,"showParticleSystems":true,"showVisualEffectGraphs":true,"m_FxEnabled":true},"in2DMode":false,"pivot":{"x":12.007098197937012,"y":-3.5827596187591554,"z":1.9922821521759034},"rotation":{"x":-0.35255128145217898,"y":-0.5410115718841553,"z":0.26656755805015566,"w":-0.7155155539512634},"size":0.40591704845428469,"orthographic":false}